Name,Adjusted Character,Attributes,Class,Crit (Lv. 120),E.Atk (Lv. 120),E.Def (Lv. 120),GL Score,GL Tier,HP (Lv. 120),Influence,Japanese Name,Job,Location,P.Atk (Lv. 120),P.Def (Lv. 120),SP (Lv. 120),Spd (Lv. 120)
Lynette EX,No,"Character%20List/Dagger%2025.png, Character%20List/Fire%2037.png, Character%20List/Ice%2029.png, Character%20List/Lightning%208.png, Character%20List/Wind%2029.png, Character%20List/Light%2035.png, Character%20List/Dark%2028.png",⭐️⭐️⭐️⭐️⭐️,380,485,308,"8,56",S (9.49 - 8.50),3721,Fame,リネットEx,Thief,Memoir,296,298,546,495
Alaune EX,No,"Character%20List/Fan%201.png, Character%20List/Ice.png",⭐️⭐️⭐️⭐️⭐️,261,469,410,"7,13",A (8.49 - 7.00),3566,Power,アラウネEx,Dancer,Memoir,251,366,667,343
Sarisa,No,"Character%20List/Dagger%2037.png, Character%20List/Fire%2059.png",⭐️⭐️⭐️⭐️⭐️,383,386,263,"6,1",B (6.99 - 6.00),3702,Power,サリサ,Thief,Sheperd's Rock,433,255,412,510
Viola,No,"Character%20List/Dagger%2044.png, Character%20List/Fire%2072.png",⭐️⭐️⭐️⭐️⭐️,388,301,303,"6,2",B (6.99 - 6.00),3712,Wealth,ヴィオラ,Thief,Sunshade,438,300,402,500
Nivelle,Yes,"Character%20List/Tome%2031.png, Character%20List/Lightning_Thunder%2025.png, Character%20List/Fire%2042.png",⭐️⭐️⭐️⭐️⭐️,331,549,343,"7,67",A (8.49 - 7.00),3421,Power,ニヴェル,Scholar,Sheperd's Rock,251,286,667,398
Shana,No,"Character%20List/Axe%2036.png, Character%20List/Lightning_Thunder%2040.png, Character%20List/Wind%2051.png",⭐️⭐️⭐️⭐️⭐️,248,356,318,"9,82",S+ (10.00 - 9.50),3750,Fame,シャナ,Apothecary,Memoir,385,422,650,361
Throné,No,"Character%20List/Dagger%2041.png, Character%20List/Dark%2058.png",⭐️⭐️⭐️⭐️⭐️,368,331,283,"6,4",B (6.99 - 6.00),3612,Approval,ソローネ,Thief,Memoir Logs,453,280,407,565
Falco,No,"Character%20List/Dagger%2014.png, Character%20List/Ice%2012.png",⭐️⭐️⭐️⭐️⭐️,388,296,328,"5,36",C (5.99 - 5.00),3722,Power,ファルコ,Thief,Flamesgrace,413,320,442,475
Odette,No,"Character%20List/Tome%2035.png, Character%20List/Wind%2038.png, Character%20List/Light%2046.png",⭐️⭐️⭐️⭐️⭐️,271,474,370,"5,7",C (5.99 - 5.00),3571,Power,オデット,Scholar,Sunshade,276,331,657,363
Chloe,No,"Character%20List/Bow%206.png, Character%20List/Wind%209.png",⭐️⭐️⭐️⭐️⭐️,360,385,308,"5,67",C (5.99 - 5.00),3802,Power,クロエ,Hunter,Grandport,427,243,491,440
Castti EX,No,"Character%20List/Fan%205.png, Character%20List/Ice%206.png, Character%20List/Wind%208.png",⭐️⭐️⭐️⭐️⭐️,332,567,322,,,3796,Approval,キャスティEx,Dancer,Memoir Logs,270,250,574,402
Molu,No,"Character%20List/Tome%2026.png, Character%20List/Fire%2040.png",⭐️⭐️⭐️⭐️⭐️,296,479,370,"4,46",D (4.99 - 4.00),3491,Wealth,ムールゥ,Scholar,Sufrataljah,291,311,652,343
Bargello EX,No,Character%20List/Fan%204.png,⭐️⭐️⭐️⭐️⭐️,317,302,382,"7,75",A (8.49 - 7.00),3716,Wealth,バルジェロEx,Dancer,Memoir,485,295,564,387
Tressa,No,"Character%20List/Spear_Polearm%2037.png, Character%20List/Wind%2062.png",⭐️⭐️⭐️⭐️⭐️,276,410,335,"4,64",D (4.99 - 4.00),3980,Wealth,トレサ,Merchant,Rippletide,449,383,437,275
Aedelgard,No,"Character%20List/Sword%202.png, Character%20List/Fire%202.png",⭐️⭐️⭐️⭐️⭐️,363,302,284,4,D (4.99 - 4.00),4052,Fame,エデルガルト,Warrior,Cragspear,474,411,451,295
Krauser,No,"Character%20List/Spear_Polearm%2016.png, Character%20List/Wind%2022.png",⭐️⭐️⭐️⭐️⭐️,305,290,350,"6,9",B (6.99 - 6.00),4230,Power,クラウザー,Merchant,Memoir,509,423,402,250
Ri’tu,No,"Character%20List/Dagger%2034.png, Character%20List/Lightning_Thunder%2035.png",⭐️⭐️⭐️⭐️⭐️,383,326,282,"4,08",D (4.99 - 4.00),3602,Power,リトゥ,Thief,Flamesgrace,468,279,402,475
Nona,No,"Character%20List/Spear_Polearm%2022.png, Character%20List/Fire%2044.png",⭐️⭐️⭐️⭐️⭐️,276,375,341,"4,58",D (4.99 - 4.00),4365,Wealth,ノーニャ,Merchant,Berecain,447,367,412,260
Pardis III EX,Unreleased in GL,"Character%20List/Light%2050.png, Character%20List/Ice%2038.png, Character%20List/Wind%2042.png",⭐️⭐️⭐️⭐️⭐️,318,585,374,,,3552,Power,パーディス三世の詳細,Cleric,Memoir,246,312,610,376
Lumis,No,"Character%20List/Axe%2018.png, Character%20List/Wind%2028.png",⭐️⭐️⭐️⭐️⭐️,294,368,274,"3,46",E (3.99 - 0.00),3985,Fame,リュミス,Apothecary,Donescu,415,406,449,383
Pardis III,No,"Character%20List/Sword%2043.png, Character%20List/Dagger%2030.png, Character%20List/Bow%2030.png, Character%20List/Fire%2051.png, Character%20List/Lightning_Thunder%2030.png, Character%20List/Dark%2038.png",⭐️⭐️⭐️⭐️⭐️,376,130,355,"9,83",S+ (10.00 - 9.50),3866,Power,パーディス三世,Scholar,Memoir,630,401,580,288
Lemaire,No,"Character%20List/Fan%2021.png, Character%20List/Fire%2034.png, Character%20List/Ice%2024.png, Character%20List/Lightning_Thunder%2019.png, Character%20List/Wind%2025.png, Character%20List/Light%2032.png, Character%20List/Dark%2027.png",⭐️⭐️⭐️⭐️⭐️,268,499,387,"6,44",B (6.99 - 6.00),3591,Fame,ルメール,Dancer,Theatropolis,280,285,559,452
Mydia,No,"Character%20List/Staff_Staves%2020.png, Character%20List/Fire%2041.png, Character%20List/Light%2042.png",⭐️⭐️⭐️⭐️⭐️,308,325,434,,,3602,Approval,ミディヤ,Cleric,Memoir Logs,471,342,500,346
Cassia,Unreleased in GL,"Character%20List/Bow%205.png, Character%20List/Wind%207.png, Character%20List/Light%208.png, Character%20List/Dark%207.png",⭐️⭐️⭐️⭐️⭐️,420,315,283,,,3842,Domination,ケイシア,Hunter,Memoir Logs,492,263,486,410
Sigrid EX,,"Character%20List/Spear_Polearm%2034.png, Character%20List/Sword%2056.png, Character%20List/Fire%2065.png",⭐️⭐️⭐️⭐️⭐️,363,287,280,,,4030,Power,ジークリットEx,Merchant,Sheperd's Rock,449,385,366,321
Fiore,No,"Character%20List/Sword%2022.png, Character%20List/Dark%2021.png",⭐️⭐️⭐️⭐️⭐️,383,287,291,"3,5",E (3.99 - 0.00),4042,Fame,フィオル,Warrior,Rippletide,469,408,356,345
Ogen,No,"Character%20List/Axe%2028.png, Character%20List/Ice%2035.png",⭐️⭐️⭐️⭐️⭐️,253,516,288,"6,4",B (6.99 - 6.00),4030,Fame,オーゲン,Apothecary,Atlasdam,395,382,468,291
Yan Long,No,"Character%20List/Staff_Staves%2034.png, Character%20List/Ice%2051.png",⭐️⭐️⭐️⭐️⭐️,312,330,389,"5,92",C (5.99 - 5.00),3772,Wealth,イェンロン,Cleric,I'cirlo,431,317,428,376
Elrica EX2,Unreleased in GL,"Character%20List/Fan%209.png, Character%20List/Sword%2017.png, Character%20List/Light%2021.png, Character%20List/Lightning%204.png",⭐️⭐️⭐️⭐️⭐️,342,637,322,,,3616,Power,エリカの詳細,Dancer,Memoir,320,260,604,347
Millard,No,"Character%20List/Staff_Staves%2017.png, Character%20List/Light%2041.png",⭐️⭐️⭐️⭐️⭐️,313,430,484,"2,46",E (3.99 - 0.00),3512,Fame,ミロード,Cleric,Valore,301,342,500,346
Nicola,Yes,"Character%20List/Dagger%2027.png, Character%20List/Light%2044.png",⭐️⭐️⭐️⭐️⭐️,378,316,298,"5,78",C (5.99 - 5.00),3697,Fame,ニコラ,Thief,Emberglow,418,295,427,490
Tatloch EX,No,"Character%20List/Dagger%2039.png, Character%20List/Dark%2056.png",⭐️⭐️⭐️⭐️⭐️,368,486,322,"7,5",A (8.49 - 7.00),3712,Power,タトゥロックEx,Thief,Memoir,318,303,502,433
W’ludai,Yes,"Character%20List/Spear_Polearm%2038.png, Character%20List/Dark%2059.png",⭐️⭐️⭐️⭐️⭐️,261,330,310,"4,8",D (4.99 - 4.00),4340,Power,ウルダイ,Merchant,I'cirlo,479,368,372,338
Pirro,No,"Character%20List/Dagger%2032.png, Character%20List/Dark%2040.png",⭐️⭐️⭐️⭐️⭐️,383,276,285,"6,33",B (6.99 - 6.00),3752,Opulence,ピルロ,Thief,Memoir Logs,509,290,442,470
Gertrude,No,"Character%20List/Axe%2013.png, Character%20List/Dark%2022.png",⭐️⭐️⭐️⭐️⭐️,296,371,272,"4,27",D (4.99 - 4.00),4055,Wealth,ガートルード,Apothecary,Sufrataljah,454,371,458,281
Hujheb,Yes (CN only),Character%20List/Bow%2016.png,⭐️⭐️⭐️⭐️⭐️,450,250,268,"8,88",S (9.49 - 8.50),4052,Domination,ヒュージブ,Hunter,Memoir Logs,537,273,496,340
Morena,Unreleased in GL,"Character%20List/Tome%2027.png, Character%20List/Staff_Staves%2019.png, Character%20List/Wind%2034.png",⭐️⭐️⭐️⭐️⭐️,286,449,345,,,3546,Approval,モレーナ,Scholar,Memoir Logs,351,336,642,363
Alaune EX2,Unreleased in GL,"Character%20List/Sword%203.png, Character%20List/Fire%204.png, Character%20List/Ice%201.png, Character%20List/Lightning.png, Character%20List/Wind%202.png, Character%20List/Light%204.png, Character%20List/Dark%202.png",⭐️⭐️⭐️⭐️⭐️,428,562,371,,,4262,Power,剣士アラウネ,Warrior,Memoir,419,433,496,270
Cyrus,No,"Character%20List/Tome%205.png, Character%20List/Fire%2011.png, Character%20List/Ice%208.png, Character%20List/Lightning_Thunder%205.png",⭐️⭐️⭐️⭐️⭐️,296,519,380,"6,73",B (6.99 - 6.00),3406,Fame,サイラス,Scholar,Theatropolis,286,331,672,303
Isla,Yes,"Character%20List/Tome%2017.png, Character%20List/Fire%2029.png, Character%20List/Lightning_Thunder%2015.png",⭐️⭐️⭐️⭐️⭐️,276,479,375,"8,38",A (8.49 - 7.00),3406,Approval,アイラ,Scholar,Memoir,261,331,672,413
Rondo,Yes,"Character%20List/Sword%2049.png, Character%20List/Light%2055.png",⭐️⭐️⭐️⭐️⭐️,333,332,301,"6,6",B (6.99 - 6.00),4032,Fame,ロンド,Warrior,Memoir,489,408,426,300
Tressa EX,No,"Character%20List/Bow%2038.png, Character%20List/Fire%2071.png",⭐️⭐️⭐️⭐️⭐️,306,410,305,"4,15",D (4.99 - 4.00),3900,Wealth,トレサEx,Hunter,Rippletide,449,383,437,290
Heathcote,No,"Character%20List/Dagger%2017.png, Character%20List/Wind%2018.png",⭐️⭐️⭐️⭐️⭐️,393,336,303,"2,78",E (3.99 - 0.00),3642,Power,ヒースコート,Thief,Cragspear,413,300,422,485
Morffins,No,"Character%20List/Axe%2023.png, Character%20List/Ice%2031.png",⭐️⭐️⭐️⭐️⭐️,288,506,288,"4,86",D (4.99 - 4.00),4040,Approval,モーフィンス,Apothecary,Memoir Logs,345,402,528,281
Kersjes,Yes,"Character%20List/Bow%2018.png, Character%20List/Ice%2023.png",⭐️⭐️⭐️⭐️⭐️,430,365,268,"3,9",E (3.99 - 0.00),3912,Fame,カージェス,Hunter,Victors Hollow,497,273,386,355
Oskha,Yes,"Character%20List/Spear_Polearm%2027.png, Character%20List/Fire%2049.png",⭐️⭐️⭐️⭐️⭐️,316,295,335,"8,5",S (9.49 - 8.50),4390,Wealth,オスカ,Merchant,Memoir,459,403,492,260
Therese EX,,"Character%20List/Staff%2010.png, Character%20List/Wind%2058.png, Character%20List/Lightning%2014.png",⭐️⭐️⭐️⭐️⭐️,288,515,394,,,3532,Approval,テレーズEx,Cleric,Memoir,381,302,510,346
Eleonora,No,"Character%20List/Fan%207.png, Character%20List/Ice%2010.png",⭐️⭐️⭐️⭐️⭐️,282,498,427,"4,92",D (4.99 - 4.00),3606,Fame,エレオノーラ,Dancer,Atlasdam,303,264,574,417
Stead,No,"Character%20List/Staff_Staves%2030.png, Character%20List/Dark%2053.png",⭐️⭐️⭐️⭐️⭐️,308,455,459,"3,23",E (3.99 - 0.00),3547,Wealth,ステッド,Cleric,Donescu,316,337,465,336
Rique,Yes,"Character%20List/Spear_Polearm%2031.png, Character%20List/Wind%2044.png",⭐️⭐️⭐️⭐️⭐️,276,400,355,"7,33",A (8.49 - 7.00),3990,Wealth,リーク,Merchant,Memoir,454,388,432,300
Primrose,No,"Character%20List/Fan%2033.png, Character%20List/Dark%2041.png",⭐️⭐️⭐️⭐️⭐️,282,507,382,"5,47",C (5.99 - 5.00),3526,Power,プリムロゼ,Dancer,Sunshade,290,280,574,457
Alrond,Yes,"Character%20List/Spear_Polearm%201.png, Character%20List/Sword%204.png, Character%20List/Dagger%202.png, Character%20List/Axe%203.png, Character%20List/Bow%201.png, Character%20List/Staff_Staves%201.png, Character%20List/Tome%201.png, Character%20List/Fan%202.png, Character%20List/Light%205.png",⭐️⭐️⭐️⭐️⭐️,281,275,335,9,S (9.49 - 8.50),4100,Opulence,アルロンド,Merchant,Memoir Logs,409,398,542,360
Glossom,No,"Character%20List/Fan%2013.png, Character%20List/Lightning_Thunder%2012.png",⭐️⭐️⭐️⭐️⭐️,305,402,382,"3,69",E (3.99 - 0.00),3553,Power,グロッサム,Dancer,Donescu,390,285,549,402
Richard,No,"Character%20List/Sword%2046.png, Character%20List/Lightning_Thunder%2036.png",⭐️⭐️⭐️⭐️⭐️,323,297,301,"7,63",A (8.49 - 7.00),4067,Fame,リシャール,Warrior,Memoir,474,418,376,365
Richard EX,Unreleased in GL,"Character%20List/Sword%2047.png, Character%20List/Polearm%207.png, Character%20List/Dagger%2035.png, Character%20List/Axe%2031.png, Character%20List/Bow%2032.png, Character%20List/Staff%207.png, Character%20List/Tome%2039.png, Character%20List/Fan%2035.png",⭐️⭐️⭐️⭐️⭐️,451,295,360,,,4650,Fame,商人リシャール,Merchant,Memoir,614,448,472,260
Relisha,,"Character%20List/Staff_Staves%2027.png, Character%20List/Lightning_Thunder%2034.png",⭐️⭐️⭐️⭐️⭐️,348,395,387,,,3522,Domination,レリーシャ,Cleric,Memoir Logs,436,334,480,346
Cecily,No,"Character%20List/Spear_Polearm%205.png, Character%20List/Axe%206.png, Character%20List/Tome%204.png, Character%20List/Light%2010.png",⭐️⭐️⭐️⭐️⭐️,251,320,320,"7,08",A (8.49 - 7.00),4190,Fame,セシリー,Merchant,Grandport,449,363,477,365
Feintz,Unreleased in GL,"Character%20List/Sword%2020.png, Character%20List/Polearm%202.png, Character%20List/Fire%2020.png",⭐️⭐️⭐️⭐️⭐️,413,297,351,,,4432,Power,フェインツ,Warrior,Memoir,554,443,466,425
Ditraina,No,"Character%20List/Tome%206.png, Character%20List/Light%2014.png, Character%20List/Dark%2013.png",⭐️⭐️⭐️⭐️⭐️,391,539,355,"6,63",B (6.99 - 6.00),3386,Power,ディトレイナ,Scholar,Valore,271,296,640,323
2B,No,"Character%20List/Sword.png, Character%20List/Axe.png, Character%20List/Fire.png, Character%20List/Dark.png",⭐️⭐️⭐️⭐️⭐️,338,307,296,"4,89",D (4.99 - 4.00),4062,Fame,2B,Warrior,Memoir,499,388,371,355
Primrose EX,No,"Character%20List/Axe%2030.png, Character%20List/Lightning_Thunder%2032.png",⭐️⭐️⭐️⭐️⭐️,297,507,382,"8,07",A (8.49 - 7.00),3526,Power,プリムロゼEx,Apothecary,Sunshade,290,280,574,442
Sofia,No,"Character%20List/Tome%2041.png, Character%20List/Ice%2045.png",⭐️⭐️⭐️⭐️⭐️,296,454,385,"4,33",D (4.99 - 4.00),3556,Wealth,ソフィア,Scholar,Emberglow,281,341,652,333
Alaune,No,"Character%20List/Tome.png, Character%20List/Fire%203.png, Character%20List/Light%203.png",⭐️⭐️⭐️⭐️⭐️,261,469,410,"4,25",D (4.99 - 4.00),3566,Power,アラウネ,Scholar,Memoir,251,366,667,343
Sertet,No,"Character%20List/Bow%2035.png, Character%20List/Wind%2049.png",⭐️⭐️⭐️⭐️⭐️,420,252,263,"4,33",D (4.99 - 4.00),3902,Power,セルテト,Hunter,Sufrataljah,487,263,536,395
Ochette EX,No,"Character%20List/Sword%2040.png, Character%20List/Polearm%206.png, Character%20List/Dagger%2029.png, Character%20List/Axe%2027.png, Character%20List/Bow%2029.png, Character%20List/Staff%205.png, Character%20List/Tome%2034.png, Character%20List/Fan%2031.png, Character%20List/Fire%2046.png, Character%20List/Ice%2034.png, Character%20List/Lightning%2010.png",⭐️⭐️⭐️⭐️⭐️,303,297,291,,,3902,Opulence,オーシュットEx,Warrior,Memoir Logs,494,413,466,370
9S,No,"Character%20List/Spear_Polearm.png, Character%20List/Fire%201.png, Character%20List/Lightning_Thunder.png",⭐️⭐️⭐️⭐️⭐️,251,439,340,"3,44",E (3.99 - 0.00),4140,Wealth,9S,Merchant,Memoir,300,403,442,355
Signa EX,Unreleased in GL,"Character%20List/Axe%2038.png, Character%20List/Sword%2054.png, Character%20List/Polearm%208.png, Character%20List/Staff%208.png",⭐️⭐️⭐️⭐️⭐️,258,301,298,,,4760,Approval,シグナEx,Apothecary,Memoir,490,407,448,246
Gilderoy,No,"Character%20List/Spear_Polearm%2011.png, Character%20List/Lightning_Thunder%2011.png",⭐️⭐️⭐️⭐️⭐️,286,330,350,"4,29",D (4.99 - 4.00),4428,Power,ギルデロイ,Merchant,Clearbrook,419,413,402,243
Olberic,No,"Character%20List/Sword%2042.png, Character%20List/Spear_Polearm%2025.png, Character%20List/Lightning_Thunder%2027.png",⭐️⭐️⭐️⭐️⭐️,308,287,321,"4,92",D (4.99 - 4.00),4272,Power,オルベリク,Warrior,Sheperd's Rock,499,443,361,270
Grieg,No,"Character%20List/Sword%2023.png, Character%20List/Fire%2024.png",⭐️⭐️⭐️⭐️⭐️,333,277,351,"4,6",D (4.99 - 4.00),4222,Domination,グリーグ,Warrior,Memoir Logs,489,448,366,260
Millard EX,Yes,"Character%20List/Spear_Polearm%2020.png, Character%20List/Ice%2030.png",⭐️⭐️⭐️⭐️⭐️,313,415,469,"6,2",B (6.99 - 6.00),3672,Fame,ミロードEx,Merchant,Valore,316,342,500,331
Emil,No,"Character%20List/Staff_Staves%207.png, Character%20List/Tome%2010.png, Character%20List/Dark%2018.png",⭐️⭐️⭐️⭐️⭐️,288,530,399,"7,57",A (8.49 - 7.00),3502,Wealth,エミール,Cleric,Memoir,276,307,670,336
A2,No,"Character%20List/Dagger.png, Character%20List/Sword%201.png, Character%20List/Axe%201.png",⭐️⭐️⭐️⭐️⭐️,418,130,298,"5,89",C (5.99 - 5.00),3832,Power,A2,Thief,Memoir,519,325,412,515
Ceraphina,No,"Character%20List/Dark%209.png, Character%20List/Light%2012.png",⭐️⭐️⭐️⭐️⭐️,263,571,328,"7,13",A (8.49 - 7.00),4000,Fame,セラフィナ,Apothecary,Memoir,285,382,488,341
Elrica,Yes (CN only),"Character%20List/Sword%2015.png, Character%20List/Fire%2019.png, Character%20List/Lightning_Thunder%207.png, Character%20List/Light%2020.png, Character%20List/Dark%2016.png",⭐️⭐️⭐️⭐️⭐️,383,277,301,7,A (8.49 - 7.00),4052,Power,エリカ,Warrior,Memoir,494,403,416,305
Yomi,Unreleased in GL,"Character%20List/Fan%2040.png, Character%20List/Sword%2062.png, Character%20List/Ice%2052.png, Character%20List/Light%2068.png",⭐️⭐️⭐️⭐️⭐️,312,532,442,,,4096,Approval,ヨミ,Dancer,Memoir Logs,345,355,624,477
NieR,No,"Character%20List/Spear_Polearm%2021.png, Character%20List/Sword%2036.png, Character%20List/Dark%2032.png",⭐️⭐️⭐️⭐️⭐️,311,275,345,"8,14",A (8.49 - 7.00),4170,Fame,ニーア,Merchant,Memoir,509,343,442,335
Nada,Unreleased in GL,"Character%20List/Tome%2028.png, Character%20List/Light%2043.png",⭐️⭐️⭐️⭐️⭐️,366,574,420,,,4056,Approval,ナーダ,Scholar,Memoir Logs,316,356,712,363
Aviete,Unreleased in GL,"Character%20List/Staff.png, Character%20List/Sword%207.png, Character%20List/Polearm.png, Character%20List/Dagger%205.png, Character%20List/Tome%203.png, Character%20List/Fan%203.png, Character%20List/Fire%206.png, Character%20List/Ice%204.png, Character%20List/Lightning%202.png, Character%20List/Wind%204.png, Character%20List/Light%206.png, Character%20List/Dark%206.png",⭐️⭐️⭐️⭐️⭐️,263,500,454,,,3502,Fame,アヴィーテ,Cleric,Memoir,266,352,530,381
Promme,No,"Character%20List/Staff_Staves%2025.png, Character%20List/Fire%2054.png",⭐️⭐️⭐️⭐️⭐️,318,450,444,"3,63",E (3.99 - 0.00),3637,Power,プロメ,Cleric,Victors Hollow,326,327,470,316
Harley,Yes,"Character%20List/Fan%2015.png, Character%20List/Wind%2017.png",⭐️⭐️⭐️⭐️⭐️,297,445,401,"4,42",D (4.99 - 4.00),3651,Fame,ハーレー,Dancer,Victors Hollow,307,289,522,421
Partitio EX,,"Character%20List/Dagger%2031.png, Character%20List/Staff%206.png",⭐️⭐️⭐️⭐️⭐️,538,266,268,,,3742,Opulence,パルテティオEx,Thief,Memoir,423,255,402,500
Ophilia,No,"Character%20List/Staff_Staves%2023.png, Character%20List/Light%2047.png",⭐️⭐️⭐️⭐️⭐️,293,445,464,"6,23",B (6.99 - 6.00),3497,Fame,オフィーリア,Cleric,Emberglow,301,342,550,341
Ringabel,No,"Character%20List/Sword%2048.png, Character%20List/Dark%2045.png",⭐️⭐️⭐️⭐️⭐️,438,277,306,"7,5",A (8.49 - 7.00),4052,Wealth,リングアベル,Warrior,Memoir,499,413,366,270
Elvis,No,"Character%20List/Tome%209.png, Character%20List/Lightning_Thunder%209.png",⭐️⭐️⭐️⭐️⭐️,276,439,355,"2,78",E (3.99 - 0.00),3796,Fame,エルヴィス,Scholar,Theatropolis,296,326,592,323
Hikari,Yes (CN only),"Character%20List/Sword%2025.png, Character%20List/Spear_Polearm%2014.png, Character%20List/Dagger%2018.png, Character%20List/Axe%2015.png, Character%20List/Bow%2015.png, Character%20List/Staff_Staves%209.png, Character%20List/Tome%2016.png, Character%20List/Fan%2019.png",⭐️⭐️⭐️⭐️⭐️,353,267,321,"7,33",A (8.49 - 7.00),4062,Domination,ヒカリ,Warrior,Memoir Logs,494,423,376,330
Theo,No,"Character%20List/Axe%2044.png, Character%20List/Lightning_Thunder%2043.png",⭐️⭐️⭐️⭐️⭐️,258,371,288,"3,92",E (3.99 - 0.00),4050,Power,テオ,Apothecary,Theatropolis,400,447,488,336
Osvald EX,No,"Character%20List/Dark%2037.png, Character%20List/Light%2049.png",⭐️⭐️⭐️⭐️⭐️,268,560,474,,,3452,Domination,オズバルドEx,Cleric,Memoir Logs,281,282,550,326
Tithi,No,"Character%20List/Fan%2039.png, Character%20List/Lightning_Thunder%2045.png",⭐️⭐️⭐️⭐️⭐️,274,482,387,"5,6",C (5.99 - 5.00),3596,Fame,ティティ,Dancer,Sufrataljah,280,277,564,477
Kilns,Yes,"Character%20List/Bow%2019.png, Character%20List/Lightning_Thunder%2016.png",⭐️⭐️⭐️⭐️⭐️,460,260,313,"9,57",S+ (10.00 - 9.50),4192,Power,キルン,Hunter,Memoir,437,318,451,415
Therese,No,"Character%20List/Tome%2046.png, Character%20List/Lightning_Thunder%2044.png",⭐️⭐️⭐️⭐️⭐️,316,439,380,"2,75",E (3.99 - 0.00),3536,Fame,テレーズ,Scholar,Theatropolis,276,331,657,353
Reime,Unreleased in GL,"Character%20List/Sword%2045.png, Character%20List/Dark%2043.png",⭐️⭐️⭐️⭐️⭐️,428,277,301,,,3952,Power,レイメ,Warrior,Memoir,519,393,406,340
Kainé,No,"Character%20List/Dagger%2020.png, Character%20List/Light%2030.png",⭐️⭐️⭐️⭐️⭐️,418,291,248,"9,25",S (9.49 - 8.50),4072,Power,カイネ,Thief,Memoir,573,245,402,395
Xerc,No,"Character%20List/Tome%2049.png, Character%20List/Fire%2074.png, Character%20List/Ice%2050.png, Character%20List/Lightning%2015.png, Character%20List/Wind%2064.png, Character%20List/Light%2067.png, Character%20List/Dark%2061.png",⭐️⭐️⭐️⭐️⭐️,296,529,370,,,3421,Wealth,セルク,Scholar,Memoir,241,321,662,348
Castti,No,Character%20List/Axe%205.png,⭐️⭐️⭐️⭐️⭐️,288,336,353,"7,78",A (8.49 - 7.00),3900,Approval,キャスティ,Apothecary,Memoir Logs,485,427,458,296
Tiziano EX,Unreleased in GL,"Character%20List/Polearm%209.png, Character%20List/Dagger%2043.png, Character%20List/Wind%2061.png",⭐️⭐️⭐️⭐️⭐️,376,345,365,,,4930,Wealth,ティツィアーノEx,Merchant,Memoir,549,398,442,320
Lumis EX,Yes,"Character%20List/Bow%2024.png, Character%20List/Lightning_Thunder%2021.png",⭐️⭐️⭐️⭐️⭐️,309,353,244,"6,67",B (6.99 - 6.00),3985,Fame,リュミスEx,Hunter,Donescu,430,406,459,383
Kagemune,No,"Character%20List/Dagger%2019.png, Character%20List/Fire%2031.png, Character%20List/Ice%2021.png, Character%20List/Wind%2020.png",⭐️⭐️⭐️⭐️⭐️,428,286,228,"6,67",B (6.99 - 6.00),3682,Domination,カゲムネ,Thief,Memoir Logs,488,225,432,525
Sonia,No,"Character%20List/Dagger%2038.png, Character%20List/Wind%2053.png",⭐️⭐️⭐️⭐️⭐️,343,401,288,"7,14",A (8.49 - 7.00),3722,Wealth,ソニア,Thief,Memoir,438,275,417,495
Hayes,No,"Character%20List/Axe%2014.png, Character%20List/Fire%2027.png",⭐️⭐️⭐️⭐️⭐️,317,387,280,5,C (5.99 - 5.00),3990,Power,ヘイズ,Apothecary,Cragspear,470,390,418,318
Rondo EX,Unreleased in GL,"Character%20List/Sword%2050.png, Character%20List/Dagger%2036.png, Character%20List/Tome%2040.png, Character%20List/Ice%2042.png, Character%20List/Light%2056.png, Character%20List/Dark%2048.png",⭐️⭐️⭐️⭐️⭐️,316,549,360,,,3596,Fame,ロンドEx,Scholar,Memoir,251,296,662,323
Dolcinaea,No,"Character%20List/Fan%206.png, Character%20List/Fire%2015.png, Character%20List/Wind%2013.png",⭐️⭐️⭐️⭐️⭐️,317,547,352,"6,83",B (6.99 - 6.00),3586,Approval,ドルシネア,Dancer,Memoir Logs,290,275,564,417
Varkyn,No,"Character%20List/Tome%2047.png, Character%20List/Light%2064.png",⭐️⭐️⭐️⭐️⭐️,281,484,350,"5,31",C (5.99 - 5.00),3686,Power,ヴァルカン,Scholar,Cathedral of Thytos,281,336,592,323
Kouren,No,"Character%20List/Sword%2028.png, Character%20List/Light%2031.png",⭐️⭐️⭐️⭐️⭐️,393,377,266,"3,77",E (3.99 - 0.00),4042,Wealth,コウレン,Warrior,Grandport,449,363,361,330
Gloria,No,"Character%20List/Staff_Staves%208.png, Character%20List/Ice%2014.png, Character%20List/Light%2025.png",⭐️⭐️⭐️⭐️⭐️,313,500,449,"7,6",A (8.49 - 7.00),3522,Fame,グローリア,Cleric,Memoir,281,352,540,321
Avar,Unreleased in GL,"Character%20List/Axe%204.png, Character%20List/Sword%206.png, Character%20List/Fire%205.png, Character%20List/Dark%205.png",⭐️⭐️⭐️⭐️⭐️,258,306,303,,,4040,Domination,アヴァル,Apothecary,Memoir Logs,525,452,438,351
Adelle,No,"Character%20List/Dagger%201.png, Character%20List/Light.png",⭐️⭐️⭐️⭐️⭐️,398,316,278,"4,63",D (4.99 - 4.00),3707,Wealth,アデル,Thief,Nameless Town,463,275,407,490
Sail,No,"Character%20List/Sword%2051.png, Character%20List/Lightning_Thunder%2039.png, Character%20List/Dark%2050.png",⭐️⭐️⭐️⭐️⭐️,,,,"5,3",C (5.99 - 5.00),,Domination,セイル,Warrior,Memoir Logs,,,,
Dorothea,Yes,"Character%20List/Spear_Polearm%209.png, Character%20List/Fire%2016.png",⭐️⭐️⭐️⭐️⭐️,296,340,340,"6,11",B (6.99 - 6.00),4280,Wealth,ドロテア,Merchant,Sheperd's Rock,444,393,412,270
Lynette,No,"Character%20List/Fan%2022.png, Character%20List/Fire%2036.png",⭐️⭐️⭐️⭐️⭐️,307,467,392,6,B (6.99 - 6.00),3606,Power,リネット,Dancer,Cragspear,300,290,569,407
Levina EX,Unreleased in GL,"Character%20List/Dagger%2023.png, Character%20List/Lightning%206.png, Character%20List/Wind%2027.png",⭐️⭐️⭐️⭐️⭐️,548,321,278,,,4072,Wealth,レヴィーナEx,Thief,Memoir,523,275,582,555
Magnolia,No,"Character%20List/Spear_Polearm%2019.png, Character%20List/Lightning_Thunder%2024.png",⭐️⭐️⭐️⭐️⭐️,316,290,320,"7,75",A (8.49 - 7.00),4260,Power,マグノリア,Merchant,Memoir,519,398,412,275
Mahrez,Unreleased in GL,"Character%20List/Sword%2031.png, Character%20List/Polearm%204.png, Character%20List/Dagger%2026.png, Character%20List/Axe%2019.png, Character%20List/Bow%2025.png, Character%20List/Staff%202.png, Character%20List/Tome%2024.png, Character%20List/Fan%2024.png, Character%20List/Lightning%209.png, Character%20List/Light%2036.png",⭐️⭐️⭐️⭐️⭐️,298,277,321,,,4080,Power,マフレズ,Warrior,Memoir,539,403,376,350
Edea,No,"Character%20List/Sword%2013.png, Character%20List/Fire%2017.png, Character%20List/Light%2017.png",⭐️⭐️⭐️⭐️⭐️,348,312,341,3,E (3.99 - 0.00),4062,Power,イデア,Warrior,Nameless Town,454,448,356,295
Yunnie,No,"Character%20List/Bow%2040.png, Character%20List/Sword%2064.png, Character%20List/Spear_Polearm%2039.png, Character%20List/Axe%2045.png, Character%20List/Fire%2076.png",⭐️⭐️⭐️⭐️⭐️,440,290,253,"6,31",B (6.99 - 6.00),3862,Fame,ユーニィ,Hunter,Grandport,472,268,461,400
Joshua,No,"Character%20List/Sword%2027.png, Character%20List/Ice%2019.png",⭐️⭐️⭐️⭐️⭐️,403,307,291,"3,4",E (3.99 - 0.00),4037,Fame,ジョシュア,Warrior,Cathedral of Thytos,439,363,361,395
Eltrix,No,"Character%20List/Sword%2018.png, Character%20List/Axe%2010.png, Character%20List/Dark%2017.png",⭐️⭐️⭐️⭐️⭐️,343,287,296,"6,6",B (6.99 - 6.00),4392,Wealth,エルトリクス,Warrior,Memoir,469,393,371,305
Cecil,No,"Character%20List/Sword%208.png, Character%20List/Light%209.png, Character%20List/Dark%208.png",⭐️⭐️⭐️⭐️⭐️,373,257,331,"8,92",S (9.49 - 8.50),4072,Fame,セシル,Warrior,Memoir,464,423,366,290
Cyrus EX,No,"Character%20List/Sword%2011.png, Character%20List/Fire%2012.png, Character%20List/Lightning%203.png, Character%20List/Wind%2010.png",⭐️⭐️⭐️⭐️⭐️,323,462,301,,,3872,Approval,サイラスEx,Warrior,Memoir,499,363,416,270
Tytos,Yes,"Character%20List/Sword%2061.png, Character%20List/Lightning_Thunder%2046.png",⭐️⭐️⭐️⭐️⭐️,388,307,281,"5,88",C (5.99 - 5.00),4072,Power,タイタス,Warrior,Memoir,514,423,376,315
Serenoa,No,"Character%20List/Sword%2053.png, Character%20List/Fire%2062.png",⭐️⭐️⭐️⭐️⭐️,398,292,266,"5,43",C (5.99 - 5.00),4042,Power,セレノア,Warrior,Memoir,444,403,371,350
Hammy,No,"Character%20List/Tome%2014.png, Character%20List/Ice%2015.png",⭐️⭐️⭐️⭐️⭐️,326,344,345,"5,78",C (5.99 - 5.00),3416,Fame,ハミィ,Scholar,I'cirlo,451,306,440,453
Eltrix EX,Unreleased in GL,"Character%20List/Sword%2019.png, Character%20List/Axe%2011.png, Character%20List/Bow%2010.png, Character%20List/Ice%2011.png",⭐️⭐️⭐️⭐️⭐️,350,495,278,,,4022,Wealth,エルトリクスEx,Hunter,Memoir,357,278,466,380
Ditraina EX,Yes,"Character%20List/Bow%207.png, Character%20List/Fire%2014.png, Character%20List/Ice%209.png, Character%20List/Lightning_Thunder%206.png, Character%20List/Wind%2012.png, Character%20List/Light%2015.png, Character%20List/Dark%2014.png",⭐️⭐️⭐️⭐️⭐️,410,325,273,"8,89",S (9.49 - 8.50),3747,Power,ディトレイナEx,Hunter,Memoir,517,278,506,380
H’aanit EX,No,"Character%20List/Fan%2014.png, Character%20List/Fire%2025.png",⭐️⭐️⭐️⭐️⭐️,377,392,305,"7,63",A (8.49 - 7.00),3916,Fame,ハンイットEx,Dancer,Valore,438,281,439,415
Hasumi,No,"Character%20List/Fan%2017.png, Character%20List/Light%2026.png",⭐️⭐️⭐️⭐️⭐️,299,482,406,"4,5",D (4.99 - 4.00),3576,Power,ハスミ,Dancer,Grandport,280,315,572,382
Ophilia EX,Yes,"Character%20List/Tome%2036.png, Character%20List/Fire%2048.png, Character%20List/Ice%2036.png, Character%20List/Lightning_Thunder%2028.png, Character%20List/Wind%2040.png, Character%20List/Light%2048.png, Character%20List/Dark%2036.png",⭐️⭐️⭐️⭐️⭐️,286,504,380,"7,17",A (8.49 - 7.00),3416,Fame,オフィーリアEx,Scholar,Memoir,276,336,702,338
Terra,Unreleased in GL,"Character%20List/Tome%2045.png, Character%20List/Fire%2069.png, Character%20List/Ice%2048.png, Character%20List/Lightning%2013.png, Character%20List/Wind%2057.png, Character%20List/Light%2063.png, Character%20List/Dark%2057.png",⭐️⭐️⭐️⭐️⭐️,361,529,375,,,3506,Power,ティナ,Scholar,Memoir,246,301,692,313
Scarecrow,No,"Character%20List/Bow%2034.png, Character%20List/Wind%2048.png",⭐️⭐️⭐️⭐️⭐️,475,280,283,"4,15",D (4.99 - 4.00),3892,Fame,スケアクロウ,Hunter,Sheperd's Rock,442,273,456,395
H’aanit,No,"Character%20List/Bow%2013.png, Character%20List/Sword%2024.png, Character%20List/Spear_Polearm%2012.png, Character%20List/Lightning_Thunder%2013.png",⭐️⭐️⭐️⭐️⭐️,407,377,275,"3,93",E (3.99 - 0.00),3916,Fame,ハンイット,Hunter,Valore,453,281,449,400
Esmeralda,Unreleased in GL,Character%20List/Dagger%2013.png,⭐️⭐️⭐️⭐️⭐️,358,286,293,,,3732,Power,エスメラルダ,Thief,Memoir,488,295,432,545
Elrica EX,Yes,"Character%20List/Dagger%2012.png, Character%20List/Sword%2016.png, Character%20List/Spear_Polearm%2010.png, Character%20List/Axe%209.png, Character%20List/Bow%209.png, Character%20List/Staff_Staves%206.png, Character%20List/Tome%208.png, Character%20List/Fan%208.png, Character%20List/Lightning_Thunder%208.png",⭐️⭐️⭐️⭐️⭐️,398,276,323,"8,5",S (9.49 - 8.50),3652,Power,エリカEx,Thief,Memoir,488,300,412,485
Herminia,Yes,"Character%20List/Bow%2014.png, Character%20List/Fan%2018.png, Character%20List/Light%2027.png",⭐️⭐️⭐️⭐️⭐️,465,300,278,"6,56",B (6.99 - 6.00),3882,Wealth,ヘルミニア,Hunter,Memoir,492,273,476,400
Partitio,Yes,"Character%20List/Spear_Polearm%2028.png, Character%20List/Bow%2031.png",⭐️⭐️⭐️⭐️⭐️,281,285,340,"7,29",A (8.49 - 7.00),4300,Opulence,パルテティオ,Merchant,Memoir Logs,449,408,482,290
Agnès,No,"Character%20List/Staff_Staves.png, Character%20List/Wind%201.png, Character%20List/Light%202.png",⭐️⭐️⭐️⭐️⭐️,293,455,459,"5,29",C (5.99 - 5.00),3517,Fame,アニエス,Cleric,Nameless Town,306,337,475,381
Frederica,Yes,"Character%20List/Tome%2013.png, Character%20List/Fire%2023.png",⭐️⭐️⭐️⭐️⭐️,261,479,405,"7,2",A (8.49 - 7.00),3636,Fame,フレデリカ,Scholar,Memoir,271,331,652,343
Z’aanta,No,"Character%20List/Bow%2041.png, Character%20List/Dagger%2046.png, Character%20List/Fan%2041.png, Character%20List/Light%2069.png",⭐️⭐️⭐️⭐️⭐️,430,340,253,"5,25",C (5.99 - 5.00),4042,Wealth,ザンター,Hunter,Victors Hollow,462,288,451,365
Tiziano,No,"Character%20List/Dagger%2042.png, Character%20List/Wind%2060.png",⭐️⭐️⭐️⭐️⭐️,358,291,293,"9,49",S (9.49 - 8.50),3732,Wealth,ティツィアーノ,Thief,Memoir,463,290,452,525
Cardona,No,"Character%20List/Spear_Polearm%203.png, Character%20List/Ice%205.png",⭐️⭐️⭐️⭐️⭐️,281,355,330,"4,15",D (4.99 - 4.00),4300,Fame,カルドナ,Merchant,Atlasdam,439,393,437,260
Lianna,No,"Character%20List/Staff_Staves%2013.png, Character%20List/Ice%2025.png",⭐️⭐️⭐️⭐️⭐️,318,425,494,"4,3",D (4.99 - 4.00),3502,Fame,リアナ,Cleric,Cathedral of Thytos,306,362,430,326
Viola EX,No,"Character%20List/Tome%2048.png, Character%20List/Fire%2073.png, Character%20List/Ice%2049.png, Character%20List/Light%2065.png",⭐️⭐️⭐️⭐️⭐️,251,554,360,,,3556,Opulence,ヴィオラEx,Scholar,Memoir,271,296,662,368
Stia,Unreleased in GL,"Character%20List/Axe%2042.png, Character%20List/Staff%209.png, Character%20List/Tome%2043.png, Character%20List/Wind%2054.png",⭐️⭐️⭐️⭐️⭐️,383,376,348,,,4540,Fame,,Apothecary,Memoir,535,467,478,341
Temenos,No,"Character%20List/Staff_Staves%2033.png, Character%20List/Light%2062.png",⭐️⭐️⭐️⭐️⭐️,293,475,464,"6,43",B (6.99 - 6.00),3452,Domination,テメノス,Cleric,Memoir Logs,311,347,540,346
Osvald,Yes,"Character%20List/Tome%2037.png, Character%20List/Fire%2050.png, Character%20List/Ice%2037.png, Character%20List/Lightning_Thunder%2029.png",⭐️⭐️⭐️⭐️⭐️,341,554,365,"8,5",S (9.49 - 8.50),3396,Domination,オズバルド,Scholar,Memoir Logs,261,316,682,288
Sazantos EX,Yes,"Character%20List/Spear_Polearm%2033.png, Character%20List/Fire%2061.png, Character%20List/Wind%2047.png",⭐️⭐️⭐️⭐️⭐️,381,275,295,"8,71",S (9.49 - 8.50),4120,Power,サザントスEx,Merchant,Memoir,544,338,422,335
Nephti,Yes,"Character%20List/Axe%2024.png, Character%20List/Staff_Staves%2021.png, Character%20List/Tome%2029.png",⭐️⭐️⭐️⭐️⭐️,253,316,410,"7,71",A (8.49 - 7.00),4020,Fame,ネフティ,Apothecary,Memoir,405,450,418,336
Auguste,Yes,"Character%20List/Dagger%204.png, Character%20List/Tome%202.png, Character%20List/Dark%204.png",⭐️⭐️⭐️⭐️⭐️,308,336,320,"6,54",B (6.99 - 6.00),3942,Fame,アーギュスト,Thief,Memoir,473,323,417,465
Jillmeila,No,"Character%20List/Bow%2017.png, Character%20List/Dark%2024.png",⭐️⭐️⭐️⭐️⭐️,470,326,274,4,D (4.99 - 4.00),3722,Power,ジルメイラ,Hunter,I'cirlo,468,276,455,390
Aoi,Unreleased in GL,"Character%20List/Sword%205.png, Character%20List/Lightning%201.png, Character%20List/Wind%203.png",⭐️⭐️⭐️⭐️⭐️,338,292,281,,,4032,Domination,アオイ,Warrior,Memoir Logs,504,358,376,380
Edgar,Unreleased in GL,"Character%20List/Polearm%201.png, Character%20List/Axe%208.png, Character%20List/Bow%208.png, Character%20List/Light%2018.png",⭐️⭐️⭐️⭐️⭐️,296,275,340,,,4340,Fame,エドガー,Merchant,Memoir,479,408,462,260
Oersted,No,"Character%20List/Sword%2041.png, Character%20List/Spear_Polearm%2024.png, Character%20List/Staff_Staves%2022.png, Character%20List/Fire%2047.png, Character%20List/Wind%2039.png, Character%20List/Dark%2035.png",⭐️⭐️⭐️⭐️⭐️,383,297,301,5,C (5.99 - 5.00),4052,Fame,オルステッド,Warrior,Memoir,474,403,386,320
Agnea EX,Yes,"Character%20List/Bow.png, Character%20List/Light%201.png, Character%20List/Dark%201.png",⭐️⭐️⭐️⭐️⭐️,370,450,253,"7,86",A (8.49 - 7.00),3692,Fame,アグネアEx,Hunter,Memoir,497,263,466,390
Tikilen,No,"Character%20List/Sword%2059.png, Character%20List/Wind%2059.png",⭐️⭐️⭐️⭐️⭐️,340,437,291,"4,29",D (4.99 - 4.00),3882,Wealth,ティキレン,Warrior,Victors Hollow,389,388,371,325
Largo,No,"Character%20List/Spear_Polearm%2017.png, Character%20List/Bow%2020.png, Character%20List/Fire%2033.png, Character%20List/Lightning_Thunder%2017.png",⭐️⭐️⭐️⭐️⭐️,247,417,316,"3,75",E (3.99 - 0.00),4160,Fame,ラルゴ,Merchant,Atlasdam,376,376,427,275
Streibough,No,"Character%20List/Tome%2044.png, Character%20List/Fire%2067.png, Character%20List/Ice%2046.png, Character%20List/Lightning_Thunder%2042.png, Character%20List/Wind%2055.png, Character%20List/Dark%2054.png",⭐️⭐️⭐️⭐️⭐️,271,484,385,"4,5",D (4.99 - 4.00),3656,Power,ストレイボウ,Scholar,Memoir,266,326,657,363
Roland,Yes,"Character%20List/Spear_Polearm%2032.png, Character%20List/Lightning_Thunder%2038.png",⭐️⭐️⭐️⭐️⭐️,351,325,310,"7,44",A (8.49 - 7.00),3920,Fame,ロラン,Merchant,Memoir,459,378,412,400
Sofia EX,No,"Character%20List/Axe%2039.png, Character%20List/Wind%2052.png",⭐️⭐️⭐️⭐️⭐️,296,454,385,"5,57",C (5.99 - 5.00),3716,Wealth,ソフィアEx,Apothecary,Emberglow,281,341,632,333
Mirgardi,No,"Character%20List/Fan%2027.png, Character%20List/Axe%2021.png, Character%20List/Fire%2038.png, Character%20List/Wind%2032.png",⭐️⭐️⭐️⭐️⭐️,275,357,327,"4,86",D (4.99 - 4.00),3706,Opulence,ミルガルディ,Dancer,Memoir Logs,465,317,504,407
Lionel,Yes,"Character%20List/Sword%2030.png, Character%20List/Ice%2026.png",⭐️⭐️⭐️⭐️⭐️,368,287,306,"3,31",E (3.99 - 0.00),4072,Fame,ライオネル,Warrior,Flamesgrace,469,423,356,310
Solon,No,"Character%20List/Tome%2042.png, Character%20List/Spear_Polearm%2035.png, Character%20List/Fire%2066.png",⭐️⭐️⭐️⭐️⭐️,286,459,360,"8,14",A (8.49 - 7.00),3736,Wealth,ソロン,Scholar,Memoir,321,371,682,283
Soleil,No,"Character%20List/Axe%2040.png, Character%20List/Light%2060.png",⭐️⭐️⭐️⭐️⭐️,268,426,278,"4,08",D (4.99 - 4.00),4035,Power,ソレイユ,Apothecary,Sufrataljah,382,433,458,326
Therion,No,"Character%20List/Dagger%2040.png, Character%20List/Fire%2070.png",⭐️⭐️⭐️⭐️⭐️,368,351,278,"6,38",B (6.99 - 6.00),3712,Wealth,テリオン,Thief,Cragspear,443,275,412,510
Zenia,Yes,"Character%20List/Axe%2046.png, Character%20List/Dark%2062.png",⭐️⭐️⭐️⭐️⭐️,263,531,267,"6,89",B (6.99 - 6.00),3910,Power,ゼニア,Apothecary,Grandport,345,392,568,286
Locke,Unreleased in GL,"Character%20List/Dagger%2024.png, Character%20List/Bow%2021.png, Character%20List/Fire%2035.png, Character%20List/Ice%2027.png, Character%20List/Lightning%207.png",⭐️⭐️⭐️⭐️⭐️,388,266,278,,,3712,Wealth,ロック,Thief,Memoir,528,285,432,500
Crick,Yes,"Character%20List/Sword%2010.png, Character%20List/Staff_Staves%204.png, Character%20List/Light%2013.png",⭐️⭐️⭐️⭐️⭐️,328,257,381,"8,6",S (9.49 - 8.50),4282,Approval,クリック,Warrior,Memoir Logs,419,463,406,270
Final Emperor,Unreleased in GL,"Character%20List/Sword%2021.png, Character%20List/Polearm%203.png, Character%20List/Dagger%2016.png, Character%20List/Axe%2012.png, Character%20List/Bow%2011.png, Character%20List/Staff%201.png, Character%20List/Fire%2021.png, Character%20List/Ice%2013.png, Character%20List/Lightning%205.png, Character%20List/Light%2023.png, Character%20List/Dark%2020.png",⭐️⭐️⭐️⭐️⭐️,373,317,351,,,4602,Power,最終皇帝(男),Warrior,Memoir,619,453,416,355
Alfyn,No,"Character%20List/Axe%202.png, Character%20List/Ice%202.png",⭐️⭐️⭐️⭐️⭐️,318,351,288,"5,64",C (5.99 - 5.00),4055,Fame,アーフェン,Apothecary,Clearbrook,430,442,453,306
Sowan,Yes,"Character%20List/Axe%2041.png, Character%20List/Light%2061.png, Character%20List/Dark%2052.png",⭐️⭐️⭐️⭐️⭐️,299,471,288,"8,67",S (9.49 - 8.50),4020,Domination,ソワン,Apothecary,Memoir Logs,470,322,463,300
Rinyuu,No,"Character%20List/Staff_Staves%2028.png, Character%20List/Bow%2033.png, Character%20List/Lightning_Thunder%2037.png",⭐️⭐️⭐️⭐️⭐️,288,435,489,"7,83",A (8.49 - 7.00),3442,Fame,リンユウ,Cleric,Memoir,291,372,565,336
Tahir,,"Character%20List/Sword%2057.png, Character%20List/Fire%2068.png",⭐️⭐️⭐️⭐️,375,287,299,,,4064,Fame,ターヒル,Warrior,Sunshade,456,403,352,313
Eliza,No,"Character%20List/Sword%2014.png, Character%20List/Light%2019.png",⭐️⭐️⭐️⭐️⭐️,328,387,301,"3,85",E (3.99 - 0.00),3912,Power,エリザ,Warrior,Cathedral of Thytos,424,403,438,315
Miles,No,"Character%20List/Sword%2033.png, Character%20List/Light%2040.png",⭐️⭐️⭐️⭐️,361,291,311,,,4050,Power,マイルズ,Warrior,Emberglow,443,417,361,309
Agnea,Yes (CN only),"Character%20List/Fan.png, Character%20List/Wind.png",⭐️⭐️⭐️⭐️⭐️,297,467,387,7,A (8.49 - 7.00),3596,Approval,アグネア,Dancer,Memoir Logs,285,285,614,447
Celes,Unreleased in GL,"Character%20List/Sword%209.png, Character%20List/Ice%207.png, Character%20List/Light%2011.png",⭐️⭐️⭐️⭐️⭐️,313,492,331,,,3892,Domination,セリス,Warrior,Memoir,349,398,406,320
Final Empress,Unreleased in GL,"Character%20List/Tome%2012.png, Character%20List/Fire%2022.png, Character%20List/Wind%2015.png, Character%20List/Light%2024.png",⭐️⭐️⭐️⭐️⭐️,301,619,435,,,3936,Power,最終皇帝(女),Scholar,Memoir,301,386,752,343
Kazan,Unreleased in GL,"Character%20List/Tome%2019.png, Character%20List/Fire%2032.png, Character%20List/Wind%2021.png",⭐️⭐️⭐️⭐️⭐️,371,519,365,,,3486,Domination,カザン,Scholar,Memoir Logs,266,306,672,293
Lars,No,"Character%20List/Sword%2029.png, Character%20List/Wind%2024.png",⭐️⭐️⭐️⭐️⭐️,378,307,301,"5,5",C (5.99 - 5.00),3982,Power,ラース,Warrior,Sufrataljah,484,373,371,350
Hikari EX,Yes,"Character%20List/Staff_Staves%2010.png, Character%20List/Fire%2028.png, Character%20List/Ice%2017.png, Character%20List/Lightning_Thunder%2014.png, Character%20List/Wind%2019.png, Character%20List/Light%2028.png",⭐️⭐️⭐️⭐️⭐️,333,590,399,"9,55",S+ (10.00 - 9.50),3552,Domination,ヒカリEx,Cleric,Memoir Logs,296,317,540,291
O. Odio,Yes,"Character%20List/Sword%2038.png, Character%20List/Fire%2045.png, Character%20List/Dark%2034.png",⭐️⭐️⭐️⭐️⭐️,403,277,286,"7,88",A (8.49 - 7.00),3912,Fame,オディオ・O,Warrior,Memoir,534,388,401,325
Rita,,"Character%20List/Axe%2033.png, Character%20List/Wind%2045.png",⭐️⭐️⭐️⭐️,277,371,278,,,4043,Power,リタ,Apothecary,Clearbrook,385,439,460,331
Fiore EX,No,Character%20List/Fan%2012.png,⭐️⭐️⭐️⭐️⭐️,368,302,291,"6,67",B (6.99 - 6.00),4042,Fame,フィオルEx,Dancer,Rippletide,454,393,356,375
S. Odio,Yes,"Character%20List/Staff_Staves%2029.png, Character%20List/Fire%2058.png, Character%20List/Dark%2049.png",⭐️⭐️⭐️⭐️⭐️,253,525,404,5,C (5.99 - 5.00),3462,Power,オディオ・S,Cleric,Memoir,276,332,605,391
Fabio,,"Character%20List/Fan%2011.png, Character%20List/Wind%2014.png",⭐️⭐️⭐️⭐️,307,441,392,,,3596,Wealth,ファビオ,Dancer,Rippletide,300,305,550,402
Molrusso EX,No,"Character%20List/Fan%2028.png, Character%20List/Sword%2034.png, Character%20List/Axe%2022.png, Character%20List/Staff%203.png, Character%20List/Tome%2025.png, Character%20List/Fire%2039.png",⭐️⭐️⭐️⭐️⭐️,357,382,332,,,3606,Domination,モルルッソEx,Dancer,Memoir,440,270,539,427
Nina-Lanna,No,"Character%20List/Tome%2030.png, Character%20List/Dark%2033.png",⭐️⭐️⭐️⭐️⭐️,301,526,355,"4,56",D (4.99 - 4.00),3466,Power,ニーナラーナ,Scholar,Berecain,266,326,662,333
Merrit,,"Character%20List/Axe%2020.png, Character%20List/Light%2039.png",⭐️⭐️⭐️⭐️,273,375,278,,,4030,Wealth,メレット,Apothecary,Sheperd's Rock,388,432,473,326
Madelaine,,"Character%20List/Staff_Staves%2015.png, Character%20List/Lightning_Thunder%2023.png",⭐️⭐️⭐️⭐️,319,420,458,,,3517,Wealth,マドレーヌ,Cleric,Clearbrook,331,322,488,341
Iris,,"Character%20List/Fan%2020.png, Character%20List/Ice%2018.png",⭐️⭐️⭐️⭐️,302,447,397,,,3586,Fame,イリス,Dancer,Sunshade,305,290,554,407
Jane,No,Character%20List/Axe%2016.png,⭐️⭐️⭐️⭐️⭐️,328,336,308,"7,14",A (8.49 - 7.00),3895,Opulence,ジェイン,Apothecary,Memoir,470,402,478,321
Ramona,,"Character%20List/Staff_Staves%2026.png, Character%20List/Ice%2039.png",⭐️⭐️⭐️⭐️,288,432,445,,,3872,Power,ラモーナ,Cleric,Clearbrook,290,278,451,390
Levan,,"Character%20List/Tome%2022.png, Character%20List/Light%2033.png",⭐️⭐️⭐️⭐️,291,409,405,,,3526,Wealth,レヴァン,Scholar,Victors Hollow,296,336,637,331
Rocbouquet,Unreleased in GL,"Character%20List/Fan%2036.png, Character%20List/Lightning%2012.png, Character%20List/Wind%2046.png, Character%20List/Dark%2046.png",⭐️⭐️⭐️⭐️⭐️,322,637,452,,,4086,Power,七英雄ロックブーケ,Dancer,Memoir,320,370,614,377
Molrusso,Yes,"Character%20List/Staff_Staves%2018.png, Character%20List/Wind%2033.png",⭐️⭐️⭐️⭐️⭐️,313,415,464,"3,17",E (3.99 - 0.00),3512,Power,モルルッソ,Cleric,Cragspear,311,332,505,376
Cedric,,"Character%20List/Staff_Staves%203.png, Character%20List/Fire%2010.png",⭐️⭐️⭐️⭐️,283,351,394,,,2792,Power,セドリック,Cleric,Sunshade,267,279,410,287
Rinyuu EX,Yes,"Character%20List/Axe%2032.png, Character%20List/Light%2054.png, Character%20List/Fire%2057.png, Character%20List/Ice%2041.png",⭐️⭐️⭐️⭐️⭐️,288,435,489,"9,73",S+ (10.00 - 9.50),3442,Fame,リンユウEx,Apothecary,Memoir,291,372,565,336
Lolo,,"Character%20List/Bow%2022.png, Character%20List/Staff_Staves%2014.png, Character%20List/Light%2034.png",⭐️⭐️⭐️⭐️,440,280,268,,,3852,Fame,ロロ,Hunter,Cathedral of Thytos,417,278,461,415
Ochette,Yes,"Character%20List/Bow%2028.png, Character%20List/Sword%2039.png, Character%20List/Spear_Polearm%2023.png, Character%20List/Axe%2026.png, Character%20List/Lightning_Thunder%2026.png, Character%20List/Wind%2037.png, Character%20List/Light%2045.png",⭐️⭐️⭐️⭐️⭐️,460,270,258,"8,14",A (8.49 - 7.00),3682,Opulence,オーシュット,Hunter,Memoir Logs,522,263,456,460
Relm,Unreleased in GL,"Character%20List/Fan%2034.png, Character%20List/Dagger%2033.png, Character%20List/Fire%2056.png, Character%20List/Ice%2040.png, Character%20List/Lightning%2011.png, Character%20List/Wind%2043.png, Character%20List/Light%2053.png, Character%20List/Dark%2044.png",⭐️⭐️⭐️⭐️⭐️,262,582,357,,,3496,Approval,リルム,Dancer,Memoir,280,260,584,467
Sazantos,Yes,"Character%20List/Sword%2052.png, Character%20List/Fire%2060.png, Character%20List/Light%2057.png",⭐️⭐️⭐️⭐️⭐️,318,337,266,"8,58",S (9.49 - 8.50),3932,Power,サザントス,Warrior,Memoir,489,393,541,325
Levina,No,"Character%20List/Tome%2023.png, Character%20List/Dagger%2022.png, Character%20List/Wind%2026.png, Character%20List/Lightning_Thunder%2020.png",⭐️⭐️⭐️⭐️⭐️,281,539,335,"5,6",C (5.99 - 5.00),3536,Wealth,レヴィーナ,Scholar,Memoir,331,306,612,353
Signa,No,"Character%20List/Fan%2037.png, Character%20List/Fire%2064.png, Character%20List/Light%2059.png",⭐️⭐️⭐️⭐️⭐️,297,467,392,"9,75",S+ (10.00 - 9.50),3496,Fame,シグナ,Dancer,Memoir,295,305,574,462
Ori,Yes,"Character%20List/Spear_Polearm%2026.png, Character%20List/Wind%2041.png",⭐️⭐️⭐️⭐️⭐️,286,410,300,"6,67",B (6.99 - 6.00),3970,Approval,オリ,Merchant,Memoir Logs,459,363,412,375
Noel,Unreleased in GL,"Character%20List/Dagger%2028.png, Character%20List/Sword%2037.png, Character%20List/Polearm%205.png, Character%20List/Axe%2025.png, Character%20List/Bow%2027.png, Character%20List/Staff%204.png, Character%20List/Tome%2032.png, Character%20List/Fan%2030.png, Character%20List/Fire%2043.png, Character%20List/Ice%2033.png, Character%20List/Wind%2035.png",⭐️⭐️⭐️⭐️⭐️,338,276,398,,,4282,Fame,七英雄ノエル,Thief,Memoir,658,405,482,425
Yukes,No,"Character%20List/Staff_Staves%2035.png, Character%20List/Fire%2075.png",⭐️⭐️⭐️⭐️⭐️,273,450,464,"2,27",E (3.99 - 0.00),3512,Wealth,ユークス,Cleric,Sunshade,291,323,495,421
Aslyte,,"Character%20List/Dagger%203.png, Character%20List/Ice%203.png",⭐️⭐️⭐️⭐️,380,316,303,,,3707,Fame,アズライト,Thief,Cragspear,415,292,417,477
Rai Mei,Yes,"Character%20List/Spear_Polearm%2030.png, Character%20List/Sword%2044.png, Character%20List/Fire%2055.png, Character%20List/Lightning_Thunder%2033.png, Character%20List/Light%2052.png, Character%20List/Dark%2042.png",⭐️⭐️⭐️⭐️⭐️,316,505,315,"7,78",A (8.49 - 7.00),4140,Approval,ライ・メイ,Merchant,Memoir Logs,354,348,522,265
Julio,,"Character%20List/Tome%2018.png, Character%20List/Ice%2020.png",⭐️⭐️⭐️,234,349,330,,,2926,Fame,フリオ,Scholar,Rippletide,256,301,547,283
Menno,,"Character%20List/Staff_Staves%2016.png, Character%20List/Wind%2031.png",⭐️⭐️⭐️⭐️,278,349,397,,,2786,Fame,メノ,Cleric,Rippletide,263,287,406,289
Dorrie,,"Character%20List/Tome%207.png, Character%20List/Dark%2015.png",⭐️⭐️⭐️,286,419,385,,,3556,Wealth,ドリー,Scholar,Theatropolis,301,356,642,333
Peredir,,"Character%20List/Tome%2038.png, Character%20List/Fire%2053.png",⭐️⭐️⭐️⭐️,281,422,380,,,3546,Fame,ペレディール,Scholar,Valore,291,355,647,328
Laura,,"Character%20List/Tome%2021.png, Character%20List/Lightning_Thunder%2018.png",⭐️⭐️⭐️⭐️,277,416,399,,,3550,Power,ラウラ,Scholar,Theatropolis,305,343,642,325
Neha,No,"Character%20List/Fan%2029.png, Character%20List/Ice%2032.png, Character%20List/Dark%2031.png",⭐️⭐️⭐️⭐️⭐️,297,482,387,"6,75",B (6.99 - 6.00),3596,Domination,ネーハ,Dancer,Memoir Logs,280,275,639,422
Dark Knight,No,"Character%20List/Sword%2012.png, Character%20List/Dark%2011.png",⭐️⭐️⭐️⭐️⭐️,388,282,316,"9,8",S+ (10.00 - 9.50),4052,Power,黒の騎士,Warrior,Memoir,534,418,386,320
Setzer,Unreleased in GL,"Character%20List/Bow%2036.png, Character%20List/Fire%2063.png, Character%20List/Wind%2050.png, Character%20List/Light%2058.png, Character%20List/Dark%2051.png",⭐️⭐️⭐️⭐️⭐️,470,240,288,,,3912,Opulence,セッツァー,Hunter,Memoir,502,288,466,380
Narr,,"Character%20List/Bow%2026.png, Character%20List/Dark%2030.png",⭐️⭐️⭐️⭐️,311,440,464,,,3512,Wealth,ナール,Hunter,Valore,316,332,502,346
Canary,Yes,"Character%20List/Dagger%208.png, Character%20List/Fire%209.png",⭐️⭐️⭐️⭐️⭐️,388,326,298,"9,13",S (9.49 - 8.50),3692,Wealth,カナリィ,Thief,Grandport,393,285,422,535
Harry,,"Character%20List/Fan%2016.png, Character%20List/Fire%2026.png",⭐️⭐️⭐️,317,447,392,,,3596,Wealth,ハリー,Dancer,Sunshade,305,295,554,407
Nanna,,"Character%20List/Sword%2035.png, Character%20List/Dark%2029.png",⭐️⭐️⭐️,373,307,316,,,4022,Power,ナンナ,Warrior,Sunshade,454,398,361,320
Carroll,,"Character%20List/Spear_Polearm%204.png, Character%20List/Wind%206.png",⭐️⭐️⭐️,286,340,350,,,4350,Power,キャロル,Merchant,Rippletide,414,393,407,260
Juan,,"Character%20List/Spear_Polearm%2015.png, Character%20List/Dark%2026.png",⭐️⭐️⭐️,286,330,330,,,4370,Fame,フアン,Merchant,Sheperd's Rock,424,413,397,260
Sigrid,,"Character%20List/Sword%2055.png, Character%20List/Lightning_Thunder%2041.png",⭐️⭐️⭐️⭐️,373,297,290,,,4030,Power,ジークリット,Warrior,Sheperd's Rock,459,395,366,331
Conny,,"Character%20List/Spear_Polearm%207.png, Character%20List/Lightning_Thunder%203.png",⭐️⭐️⭐️,286,338,335,,,4360,Wealth,コニー,Merchant,Rippletide,416,398,402,270
Mabel,,"Character%20List/Fan%2023.png, Character%20List/Lightning_Thunder%2022.png",⭐️⭐️⭐️⭐️,307,442,392,,,3590,Power,メイベル,Dancer,Sheperd's Rock,300,296,559,409
Dark Priestess,No,Character%20List/Dark%2012.png,⭐️⭐️⭐️⭐️⭐️,327,552,372,"8,79",S (9.49 - 8.50),3496,Fame,黒の巫女,Dancer,Memoir,275,285,584,437
Menny,No,"Character%20List/Sword%2032.png, Character%20List/Light%2038.png",⭐️⭐️⭐️,373,302,301,,,3032,Wealth,メニー,Warrior,Sheperd's Rock,459,403,356,330
Trish,,"Character%20List/Sword%2060.png, Character%20List/Wind%2063.png",⭐️⭐️⭐️⭐️,364,319,306,,,4015,Wealth,トリッシュ,Warrior,Rippletide,451,398,362,317
Rodion,,"Character%20List/Axe%2034.png, Character%20List/Dark%2047.png",⭐️⭐️⭐️⭐️,271,359,268,,,4065,Fame,ロディオン,Apothecary,Emberglow,405,442,453,324
Kurtz,No,"Character%20List/Dagger%2021.png, Character%20List/Wind%2023.png",⭐️⭐️⭐️⭐️,385,296,315,,,3712,Wealth,カルツ,Thief,Theatropolis,418,308,397,468
Heinz,,"Character%20List/Tome%2015.png, Character%20List/Dark%2023.png",⭐️⭐️⭐️⭐️,275,414,393,,,3585,Wealth,ハインツ,Scholar,Cragspear,300,346,634,323
Meena,,"Character%20List/Fan%2026.png, Character%20List/Light%2037.png",⭐️⭐️⭐️⭐️,300,446,389,,,3606,Fame,ミーナ,Dancer,Clearbrook,292,285,563,417
Sunny,,"Character%20List/Bow%2037.png, Character%20List/Dark%2055.png",⭐️⭐️⭐️,385,245,268,,,3052,Wealth,サニー,Hunter,Valore,372,226,376,340
Saria,,"Character%20List/Axe%2035.png, Character%20List/Ice%2043.png",⭐️⭐️⭐️,288,371,283,,,4030,Power,サーリア,Apothecary,Sheperd's Rock,390,437,463,331
Bertrand,,"Character%20List/Bow%203.png, Character%20List/Lightning_Thunder%201.png",⭐️⭐️⭐️⭐️,443,307,281,,,3872,Wealth,ベルトラン,Hunter,Cragspear,429,268,463,385
Penny,No,"Character%20List/Axe%2029.png, Character%20List/Lightning_Thunder%2031.png",⭐️⭐️⭐️,278,366,288,,,4040,Wealth,ペニー,Apothecary,Clearbrook,395,442,458,331
Yugo,,"Character%20List/Sword%2063.png, Character%20List/Ice%2053.png",⭐️⭐️⭐️,373,297,296,,,4042,Fame,ウーゴ,Warrior,Clearbrook,464,418,351,320
Telly,,"Character%20List/Staff_Staves%2032.png, Character%20List/Ice%2047.png",⭐️⭐️⭐️,318,415,464,,,3512,Wealth,テリー,Cleric,Emberglow,321,332,500,346
Jorge,No,"Character%20List/Axe%2017.png, Character%20List/Fire%2030.png",⭐️⭐️⭐️,278,361,273,,,4070,Fame,ホルヘ,Apothecary,Sunshade,400,447,453,331
Pearl,,"Character%20List/Staff_Staves%2024.png, Character%20List/Fire%2052.png",⭐️⭐️⭐️,318,420,469,,,3502,Power,パール,Cleric,Clearbrook,316,327,495,356
Noelle,,"Character%20List/Tome%2033.png, Character%20List/Wind%2036.png",⭐️⭐️⭐️⭐️,280,469,382,,,3555,Fame,ノエル,Scholar,Valore,294,337,646,338
Ashlan,,"Character%20List/Bow%202.png, Character%20List/Dark%203.png",⭐️⭐️⭐️⭐️,432,285,283,,,3905,Fame,アシラン,Hunter,Sheperd's Rock,422,271,452,412
Cerna,,"Character%20List/Spear_Polearm%206.png, Character%20List/Dark%2010.png",⭐️⭐️⭐️⭐️,286,273,280,,,3381,Wealth,チェルナ,Merchant,Donescu,366,357,319,216
Lucetta,,"Character%20List/Bow%2023.png, Character%20List/Ice%2028.png",⭐️⭐️⭐️⭐️,452,288,278,,,3855,Power,ルーセッタ,Hunter,Valore,422,273,471,404
Manuel,,"Character%20List/Fan%2025.png, Character%20List/Wind%2030.png",⭐️⭐️⭐️,272,377,337,,,2806,Fame,マヌエル,Dancer,Valore,260,250,479,342
José,,"Character%20List/Staff_Staves%2011.png, Character%20List/Light%2029.png",⭐️⭐️⭐️,318,410,459,,,3522,Fame,ホセ,Cleric,Cragspear,326,347,485,346
Camilla,,"Character%20List/Bow%204.png, Character%20List/Fire%208.png",⭐️⭐️⭐️⭐️,443,290,298,,,3892,Wealth,カミラ,Hunter,Theatropolis,415,288,451,383
Evelyn,,"Character%20List/Fan%2010.png, Character%20List/Dark%2019.png",⭐️⭐️⭐️,307,452,397,,,3586,Power,イヴリン,Dancer,Cragspear,300,290,559,417
Eunice,,"Character%20List/Tome%2011.png, Character%20List/Light%2022.png",⭐️⭐️⭐️,286,434,390,,,3546,Power,ユニス,Scholar,Theatropolis,296,341,647,333
Efrain,,"Character%20List/Staff_Staves%205.png, Character%20List/Fire%2018.png",⭐️⭐️⭐️⭐️,323,400,419,,,3527,Power,エフレン,Cleric,Sunshade,386,322,475,341
Paula,,"Character%20List/Fan%2032.png, Character%20List/Dark%2039.png",⭐️⭐️⭐️⭐️,312,452,382,,,3596,Power,ポーラ,Dancer,Victors Hollow,295,295,559,412
Leon,No,"Character%20List/Spear_Polearm%2018.png, Character%20List/Staff_Staves%2012.png",⭐️⭐️⭐️⭐️⭐️,281,290,335,7,A (8.49 - 7.00),4180,Wealth,レオン,Merchant,Grandport,509,398,462,270
Helga,,"Character%20List/Spear_Polearm%2013.png, Character%20List/Ice%2016.png",⭐️⭐️⭐️⭐️,286,328,344,,,4364,Power,ヘルガ,Merchant,Cragspear,417,400,397,258
Wingate,,"Character%20List/Dagger%2045.png, Character%20List/Dark%2060.png",⭐️⭐️⭐️⭐️,348,258,251,,,2882,Wealth,ウィンゲート,Thief,Theatropolis,355,280,322,410
Cless,,"Character%20List/Dagger%209.png, Character%20List/Lightning_Thunder%202.png",⭐️⭐️⭐️⭐️,383,291,294,,,3752,Fame,クレス,Thief,Emberglow,433,303,398,470
Devin,No,"Character%20List/Spear_Polearm%208.png, Character%20List/Wind%2011.png",⭐️⭐️⭐️⭐️,296,334,333,,,4360,Wealth,デヴィン,Merchant,Valore,416,393,406,252
Vivian,,"Character%20List/Bow%2039.png, Character%20List/Light%2066.png",⭐️⭐️⭐️,450,300,293,,,3862,Power,ビビアン,Hunter,Valore,422,273,471,390
Kenneth,,"Character%20List/Tome%2020.png, Character%20List/Ice%2022.png",⭐️⭐️⭐️⭐️,226,349,340,,,2896,Wealth,ケネス,Scholar,Clearbrook,246,296,552,288
Pia,,"Character%20List/Spear_Polearm%2029.png, Character%20List/Light%2051.png",⭐️⭐️⭐️⭐️,276,330,330,,,4350,Fame,ピア,Merchant,Sunshade,414,398,421,260
Brigitte,,Character%20List/Staff_Staves%202.png,⭐️⭐️⭐️⭐️,313,425,434,,,3512,Wealth,ブリジット,Cleric,Cathedral of Thytos,306,324,490,381
Durand,,"Character%20List/Dagger%2011.png, Character%20List/Light%2016.png",⭐️⭐️⭐️⭐️,398,296,298,,,3607,Fame,デュラン,Thief,Rippletide,433,300,402,470
Guti,,"Character%20List/Bow%2012.png, Character%20List/Wind%2016.png",⭐️⭐️⭐️,450,290,283,,,3882,Fame,グティ,Hunter,Emberglow,432,293,451,390
Barrad,,"Character%20List/Spear_Polearm%202.png, Character%20List/Fire%207.png",⭐️⭐️⭐️⭐️,281,335,325,,,4370,Power,バラッド,Merchant,Rippletide,431,398,402,255
Tatloch,Yes,"Character%20List/Fan%2038.png, Character%20List/Sword%2058.png, Character%20List/Spear_Polearm%2036.png, Character%20List/Axe%2043.png, Character%20List/Staff_Staves%2031.png, Character%20List/Wind%2056.png",⭐️⭐️⭐️⭐️⭐️,297,467,307,"7,14",A (8.49 - 7.00),4056,Power,タトゥロック,Dancer,Memoir,465,275,494,357
Shelby,,"Character%20List/Axe%2037.png, Character%20List/Ice%2044.png",⭐️⭐️⭐️⭐️,278,366,283,,,4040,Wealth,シェルビー,Apothecary,Emberglow,390,437,458,331
Jorn,,"Character%20List/Sword%2026.png, Character%20List/Dark%2025.png",⭐️⭐️⭐️⭐️,391,270,286,,,4027,Wealth,ヨルン,Warrior,Donescu,485,398,361,315
Cornelia,,"Character%20List/Axe%207.png, Character%20List/Lightning_Thunder%204.png",⭐️⭐️⭐️⭐️,273,366,283,,,4030,Power,コルネリア,Apothecary,Flamesgrace,385,432,473,336
Billy,,"Character%20List/Dagger%207.png, Character%20List/Light%207.png",⭐️⭐️⭐️,398,301,308,,,3712,Wealth,ビリー,Thief,Cragspear,423,305,402,475
Felline,,"Character%20List/Dagger%2015.png, Character%20List/Lightning_Thunder%2010.png",⭐️⭐️⭐️,388,306,323,,,3702,Power,フェリーネ,Thief,Emberglow,428,300,407,475
Bargello,No,"Character%20List/Dagger%206.png, Character%20List/Wind%205.png",⭐️⭐️⭐️⭐️⭐️,418,291,308,"8,44",A (8.49 - 7.00),3752,Wealth,バルジェロ,Thief,Memoir,488,295,412,445
Diego,,"Character%20List/Dagger%2010.png, Character%20List/Fire%2013.png",⭐️⭐️⭐️,388,296,303,,,3722,Fame,ディエゴ,Thief,Theatropolis,428,320,397,475
